{"cameraMode":{"drawMode":0,"name":"Shaded","section":"Shading Mode"},"sceneLighting":true,"audioPlay":false,"sceneViewState":{"showFog":false,"showMaterialUpdate":false,"showSkybox":true,"showFlares":false,"showImageEffects":false,"showParticleSystems":false},"in2DMode":false,"pivot":{"x":19.809688568115236,"y":19.332448959350587,"z":-22.7540283203125},"rotation":{"x":-0.32586371898651125,"y":0.33966633677482607,"z":-0.12712031602859498,"w":-0.8731783032417297},"size":4.260130405426025,"orthographic":false}